City_ID,City,Lat,Lng,Max Temp,Humidity,Cloudiness,Wind Speed,Country,Date
0,blackmans bay,-43.0167,147.3167,65.52,51,34,9.44,AU,1737866183
1,ushuaia,-54.8,-68.3,47.86,87,20,10.36,AR,1737866184
2,lihue,21.9789,-159.3672,74.79,73,40,10.36,US,1737866185
3,ancud,-41.8697,-73.8203,55.13,93,14,4.07,CL,1737866186
4,georgetown,5.4112,100.3354,87.75,70,20,5.75,MY,1737865929
5,santa catalina,9.3337,122.8637,87.26,62,56,13.2,PH,1737866188
6,cestos city,5.46,-9.5828,76.91,85,100,3.22,LR,1737866189
7,sao joao do piaui,-8.3581,-42.2467,70.56,84,1,0.87,BR,1737866191
8,puerto natales,-51.7236,-72.4875,49.6,86,100,3.27,CL,1737866192
9,callao,-12.0667,-77.15,72.72,83,0,6.91,PE,1737866193
10,piti village,13.4626,144.6933,87.31,70,0,6.91,GU,1737866194
11,yellowknife,62.456,-114.3525,27.12,86,75,6.91,CA,1737866196
12,muynoq,43.7683,59.0214,35.04,77,100,8.16,UZ,1737866197
13,midvagur,62.0511,-7.1939,36.43,69,40,10.36,FO,1737866198
14,bethel,41.3712,-73.414,26.44,64,46,4.0,US,1737866201
15,el calafate,-50.3408,-72.2768,53.6,75,100,2.46,AR,1737866202
16,port-aux-francais,-49.35,70.2167,43.57,82,100,22.46,TF,1737866203
17,iqaluit,63.7506,-68.5145,-0.67,71,100,5.75,CA,1737866204
18,anadyr,64.75,177.4833,-21.5,69,24,13.42,RU,1737866205
19,college,64.8569,-147.8028,37.08,96,75,3.44,US,1737866207
20,iskateley,67.6803,53.1512,18.91,95,100,12.55,RU,1737866209
21,avarua,-21.2078,-159.775,84.25,74,20,6.91,CK,1737866210
22,ilulissat,69.2167,-51.1,-10.46,95,99,4.0,GL,1737866212
23,cockburn town,21.4612,-71.1419,77.13,82,0,21.77,TC,1737866214
24,visby,57.6409,18.296,37.62,87,64,13.8,SE,1737866216
25,adamstown,-25.066,-130.1015,77.76,73,7,7.25,PN,1737866217
26,laguna,38.421,-121.4238,48.96,75,100,5.75,US,1737866218
27,kodiak,57.79,-152.4072,44.11,81,100,8.05,US,1737866219
28,afaahiti,-17.75,-149.2833,80.31,77,43,15.05,PF,1737866220
29,belmonte,-15.8631,-38.8828,75.22,89,5,3.13,BR,1737866221
30,cleveland,41.4995,-81.6954,35.1,66,0,23.02,US,1737866167
31,farias brito,-6.9306,-39.5656,66.04,91,8,1.41,BR,1737866224
32,margaret river,-33.95,115.0667,70.57,60,77,15.01,AU,1737866225
33,egilsstadir,65.2653,-14.3948,31.91,93,75,9.22,IS,1737866226
34,naryn,41.4287,75.9911,5.95,66,79,6.42,KG,1737866227
35,bredasdorp,-34.5322,20.0403,69.91,87,0,3.22,ZA,1737866228
36,tommot,58.9564,126.2925,-6.75,88,78,6.17,RU,1737866229
37,pitimbu,-7.4706,-34.8086,78.62,82,33,7.92,BR,1737866230
38,papatowai,-46.5619,169.4708,55.2,97,100,9.86,NZ,1737866232
39,loa janan,-0.583,117.095,77.5,95,100,2.3,ID,1737866233
40,aykhal,66.0,111.5,-30.42,99,71,4.81,RU,1737866234
41,revda,56.801,59.9303,3.49,87,27,3.89,RU,1737866235
42,grand falls-windsor,48.9332,-55.6649,18.5,85,15,1.01,CA,1737866236
43,yakeshi,49.2833,120.7333,11.35,91,100,9.13,CN,1737866237
44,saint-philippe,-21.3585,55.7679,80.83,76,75,11.21,RE,1737866240
45,ritchie,-29.038,24.6028,79.83,34,1,11.16,ZA,1737866241
46,kone,-21.0595,164.8658,84.15,75,100,0.58,NC,1737866242
47,timimoun,29.2639,0.231,56.75,41,20,10.51,DZ,1737866243
48,atafu village,-8.5421,-172.5159,82.94,69,61,16.42,TK,1737866244
49,ust-nera,64.5667,143.2,-21.53,98,98,6.26,RU,1737866245
50,whitehorse,60.7161,-135.0538,34.57,75,75,18.41,CA,1737866246
51,labuan,5.2767,115.2417,82.76,83,40,5.99,MY,1737866247
52,taro,-8.3862,115.28,79.18,78,98,1.88,ID,1737866249
53,emerald,-23.5333,148.1667,95.34,38,31,10.67,AU,1737866251
54,nguigmi,14.2495,13.1092,63.19,23,0,10.76,NE,1737866252
55,puerto real,36.5282,-6.1901,60.96,100,75,6.91,ES,1737866253
56,santana,-0.0583,-51.1817,78.98,94,75,3.44,BR,1737866254
57,albany,42.6001,-73.9662,22.68,67,30,3.0,US,1737866255
58,puerto ayora,-0.7393,-90.3518,75.54,97,15,1.01,EC,1737866257
59,kapuskasing,49.4169,-82.4331,15.8,79,100,11.5,CA,1737866258
60,broken hill,-31.95,141.4333,95.81,12,8,11.54,AU,1737866259
61,oyem,1.5995,11.5793,66.79,98,74,2.44,GA,1737866260
62,mount pearl,47.5166,-52.7813,21.33,85,20,20.71,CA,1737866261
63,svetlyy,54.675,20.1347,42.53,86,100,3.96,RU,1737866262
64,fray luis a. beltran,-32.7912,-60.7282,80.98,63,0,11.5,AR,1737866263
65,waitangi,-43.9535,-176.5597,62.82,86,49,8.99,NZ,1737866265
66,aripuana,-9.1667,-60.6333,72.37,99,88,1.59,BR,1737866266
67,tromso,69.6496,18.957,30.22,69,20,16.11,NO,1737866267
68,klyuchi,52.2667,79.1667,0.07,79,36,6.76,RU,1737866268
69,jamestown,42.097,-79.2353,30.02,76,75,13.0,US,1737866269
70,saipan,15.1355,145.701,88.5,74,0,8.05,MP,1737866270
71,tura,25.5198,90.2201,73.47,32,0,3.36,IN,1737866271
72,port elizabeth,-33.918,25.5701,72.32,99,100,13.8,ZA,1737866272
73,west island,-12.1568,96.8225,87.78,70,17,4.61,CC,1737866274
74,kotido,2.9806,34.1331,76.39,40,75,0.22,UG,1737866275
75,essaouira,31.5125,-9.77,47.7,93,1,1.14,MA,1737866276
76,dzhalagash,45.0833,64.6667,21.16,75,100,4.05,KZ,1737866277
77,northam,51.0333,-4.2167,38.8,92,56,3.0,GB,1737866278
78,thompson,55.7435,-97.8558,10.56,85,100,5.75,CA,1737866279
79,invercargill,-46.4,168.35,59.02,92,100,10.0,NZ,1737866280
80,pahrump,36.2083,-115.9839,48.51,11,98,4.0,US,1737866282
81,longyearbyen,78.2186,15.6401,24.64,68,75,13.8,SJ,1737866283
82,port alfred,-33.5906,26.891,74.75,82,0,0.78,ZA,1737866285
83,malabo,3.75,8.7833,76.86,94,20,3.44,GQ,1737866286
84,pisco,-13.7,-76.2167,69.85,88,20,4.61,PE,1737866287
85,isafjordur,66.0755,-23.124,29.97,94,100,6.17,IS,1737866289
86,carnarvon,-24.8667,113.6333,83.01,61,63,18.81,AU,1737866290
87,palmer,42.1584,-72.3287,23.52,55,0,5.75,US,1737866292
88,port lincoln,-34.7333,135.8667,76.37,58,100,8.99,AU,1737866294
89,ericeira,38.9627,-9.4156,59.34,84,100,21.7,PT,1737866295
90,tiksi,71.6872,128.8694,-18.02,89,100,45.99,RU,1737866296
91,grytviken,-54.2811,-36.5092,44.22,92,100,15.17,GS,1737866298
92,portoferraio,42.8115,10.3146,58.51,84,50,26.93,IT,1737866299
93,badger,64.8,-147.5333,36.99,94,100,3.44,US,1737866300
94,mudbidri,13.0833,74.9833,80.22,47,41,6.91,IN,1737866301
95,qaqortoq,60.7167,-46.0333,-0.29,76,23,6.82,GL,1737866302
96,tidjikja,18.5564,-11.4271,64.83,13,0,13.8,MR,1737866304
97,talnakh,69.4865,88.3972,-25.87,94,15,4.74,RU,1737866305
98,wailua homesteads,22.0669,-159.378,74.19,87,40,10.36,US,1737866306
99,jumla,29.2747,82.1838,55.02,9,0,5.03,NP,1737866307
100,sungai penuh,-2.0833,101.3833,77.31,58,97,5.57,ID,1737866308
101,santa marta,11.2408,-74.199,84.25,64,2,25.01,CO,1737866309
102,tabalah,19.95,42.4,56.44,65,0,4.36,SA,1737866310
103,hamilton,39.1834,-84.5333,36.77,69,83,3.0,US,1737866312
104,alegrete,-29.7831,-55.7919,78.1,62,18,16.2,BR,1737866313
105,guiyang,26.5833,106.7167,37.89,75,100,11.18,CN,1737866314
106,byron bay,-28.65,153.6167,78.53,66,25,10.51,AU,1737866315
107,chernyshevskiy,63.0128,112.4714,-17.54,96,93,7.34,RU,1737866316
108,banda aceh,5.5577,95.3222,83.08,73,70,1.5,ID,1737866318
109,utrik,11.2278,169.8474,79.41,81,32,17.2,MH,1737866319
110,vorgashor,67.5833,63.95,-5.49,91,99,6.96,RU,1737866320
111,chonchi,-42.6128,-73.8092,51.03,97,30,1.92,CL,1737866321
112,moyynkum,44.2914,72.9469,21.16,60,100,15.68,KZ,1737866322
113,kristiansund,63.1115,7.732,42.13,75,75,17.27,NO,1737866323
114,dudinka,69.4058,86.1778,-33.41,100,13,1.97,RU,1737866324
115,at taj,24.2049,23.2857,51.82,52,0,7.49,LY,1737866326
116,taoudenni,22.6783,-3.9836,69.28,11,100,9.06,ML,1737866327
117,philadelphia,39.9523,-75.1638,32.27,67,100,5.75,US,1737866328
118,chandler,33.3062,-111.8412,55.83,18,0,5.75,US,1737866263
119,cambria,35.5641,-121.0808,53.06,75,46,5.99,US,1737866330
120,colonia rincon viejo,16.9,-95.05,66.27,85,80,11.43,MX,1737866331
121,edinburgh of the seven seas,-37.0676,-12.3116,58.15,64,62,5.86,SH,1737866332
122,labrador city,52.9463,-66.9114,0.18,70,75,11.01,CA,1737866333
123,mata-utu,-13.2816,-176.1745,83.55,73,100,12.21,WF,1737866335
124,hammerfest,70.6634,23.6821,27.05,74,40,13.8,NO,1737866337
125,pratt,37.6439,-98.7376,30.42,74,0,3.44,US,1737866338
126,lebu,-37.6167,-73.65,57.38,90,0,15.68,CL,1737866339
127,petropavlovsk-kamchatsky,53.0452,158.6483,27.19,43,0,4.47,RU,1737866340
128,kuching,1.55,110.3333,82.35,94,40,3.44,MY,1737866341
129,port mathurin,-19.6833,63.4167,79.72,73,52,17.36,MU,1737866342
130,leh,34.1667,77.5833,2.84,43,0,3.18,IN,1737866344
131,arraial do cabo,-22.9661,-42.0278,76.23,91,82,21.92,BR,1737866345
132,kronoby,63.7286,23.0339,37.54,80,40,14.97,FI,1737866346
133,maiquetia,10.5962,-66.9548,75.34,64,84,3.44,VE,1737866347
134,udachny,66.4167,112.4,-35.82,99,87,3.8,RU,1737866348
135,davis,41.0005,-112.0013,29.95,61,100,28.77,US,1737866295
136,illizi,26.4833,8.4667,58.37,19,27,3.58,DZ,1737866351
137,sao gabriel da cachoeira,-0.1303,-67.0892,69.39,99,64,2.33,BR,1737866352
138,djibo,14.1022,-1.6306,69.89,17,9,10.69,BF,1737866353
139,kuanda,56.3161,116.0806,-16.22,93,45,1.43,RU,1737866354
140,darwin,-12.4611,130.8418,76.98,94,75,2.3,AU,1737866355
141,ribeira grande,38.5167,-28.7,65.77,91,100,25.01,PT,1737866356
142,east ballina,-28.8667,153.5833,77.54,69,14,13.87,AU,1737866357
143,tralee,52.2704,-9.7026,40.66,83,98,17.05,IE,1737866359
144,surgut,61.25,73.4167,12.38,92,75,4.47,RU,1737866360
145,alenquer,-1.9417,-54.7383,72.9,96,22,3.11,BR,1737866361
146,sept-iles,50.2001,-66.3821,8.6,68,75,10.36,CA,1737866267
147,clarkston heights-vineland,46.3874,-117.083,30.81,59,0,6.91,US,1737866363
148,bilibino,68.0546,166.4372,-37.61,100,99,1.61,RU,1737866364
149,bubaque,11.2833,-15.8333,75.09,70,42,12.75,GW,1737866365
150,bel ombre,-4.6167,55.4167,79.29,80,100,10.38,SC,1737866367
151,argo,37.6333,22.7333,49.46,82,39,2.8,GR,1737866368
152,alice springs,-23.7,133.8833,103.55,10,0,11.5,AU,1737866369
153,choyr,46.3611,108.3611,-1.03,67,2,13.22,MN,1737866370
154,kayangel,8.0823,134.7173,82.54,74,100,14.23,PW,1737866371
155,punta arenas,-53.15,-70.9167,53.71,76,40,6.91,CL,1737866372
156,tangalle,6.024,80.7911,83.86,69,42,12.8,LK,1737866373
157,sungai raya,0.7,108.9,81.55,82,96,5.23,ID,1737866375
158,nuuk,64.1835,-51.7216,20.01,58,100,12.66,GL,1737866300
159,olonkinbyen,70.9221,-8.7187,27.59,83,87,31.43,SJ,1737866377
160,kargopol',61.5071,38.9456,32.65,94,100,8.46,RU,1737866379
161,castillos,-34.1667,-53.8333,63.14,78,1,3.53,UY,1737866381
162,gunjur,13.2019,-16.7339,69.87,49,0,8.05,GM,1737866382
163,boende,-0.2167,20.8667,70.81,79,94,1.66,CD,1737866384
164,karasu,41.071,30.7854,44.31,94,35,1.72,TR,1737866385
165,birao,10.2849,22.7882,59.61,24,0,6.22,CF,1737866386
166,christchurch,-43.5333,172.6333,68.95,74,75,16.11,NZ,1737866387
167,howrah,22.5892,88.3103,73.4,46,0,8.05,IN,1737866389
168,casablanca,33.5928,-7.6192,48.42,85,31,7.07,MA,1737866390
169,san antonio de pale,-1.4014,5.6325,79.84,82,94,7.25,GQ,1737866391
170,barcelos,41.5388,-8.6151,52.21,91,100,22.21,PT,1737866392
171,gambela,8.25,34.5833,77.99,39,0,1.68,ET,1737866393
172,nemyriv,48.9708,28.8378,41.34,91,63,12.53,UA,1737866394
173,suva,-18.1416,178.4415,81.88,89,75,8.05,FJ,1737866395
174,la'ie,21.6477,-157.9253,75.06,84,40,4.0,US,1737866397
175,san luis de la loma,17.2706,-100.8939,75.97,82,14,4.27,MX,1737866398
176,carutapera,-1.195,-46.02,74.73,92,90,3.89,BR,1737866399
177,mil'kovo,55.6078,37.7956,36.34,64,100,12.82,RU,1737866401
178,inari,68.906,27.0288,20.37,96,100,2.89,FI,1737866402
179,peace river,56.2501,-117.286,32.31,64,0,6.91,CA,1737866404
180,as sulayyil,20.4607,45.5779,61.34,35,57,9.62,SA,1737866405
181,sitka,57.0531,-135.33,39.09,87,75,5.75,US,1737866407
182,stanley,54.868,-1.6985,33.82,94,0,6.91,GB,1737866408
183,hermanus,-34.4187,19.2345,66.79,88,33,0.89,ZA,1737866409
184,angaur state,6.906,134.13,83.55,73,75,15.37,PW,1737866410
185,namibe,-15.1961,12.1522,72.7,80,93,6.26,AO,1737866412
186,oistins,13.0667,-59.5333,77.09,83,40,11.5,BB,1737866413
187,tazovsky,67.4667,78.7,-18.58,100,90,6.44,RU,1737866414
188,hozat,39.1083,39.2213,24.22,83,24,4.25,TR,1737866415
189,copala,16.65,-98.9833,74.43,70,1,4.25,MX,1737866417
190,freguesia do ribeirao da ilha,-27.7177,-48.5627,76.84,91,40,2.3,BR,1737866419
191,mili,6.0815,171.735,80.92,79,88,16.84,MH,1737866420
192,shizuishan,39.2333,106.7694,14.7,23,0,14.56,CN,1737866421
193,haapajarvi,63.75,25.3333,33.42,93,100,10.49,FI,1737866422
194,gidole,5.65,37.3667,63.0,48,74,2.82,ET,1737866423
195,lospalos,-8.5186,127.0025,81.1,74,100,2.24,TL,1737866424
196,ambovombe,-25.1667,46.0833,75.65,87,100,8.41,MG,1737866425
197,lazaro cardenas,17.9583,-102.2,75.6,89,1,2.64,MX,1737866427
198,khandyga,62.6667,135.6,-16.83,97,99,2.66,RU,1737866428
199,ponta delgada,37.7333,-25.6667,65.12,82,75,27.63,PT,1737866429
200,forbes,-33.3833,148.0167,99.43,16,1,7.36,AU,1737866430
201,sinop,41.7711,34.8709,41.74,90,98,1.81,TR,1737866431
202,baharly,38.4362,57.4316,43.99,51,83,1.9,TM,1737866432
203,nyurba,63.2842,118.3319,-28.26,94,46,3.06,RU,1737866433
204,homer,59.6425,-151.5483,44.49,78,100,12.66,US,1737866245
205,hadibu,12.65,54.0333,74.1,64,35,14.97,YE,1737866436
206,manay,7.215,126.5397,83.26,77,84,10.8,PH,1737866437
207,holualoa,19.6228,-155.9522,72.82,83,8,5.08,US,1737866439
208,nishinoomote,30.7333,131.0,55.96,62,40,10.36,JP,1737866440
209,gwadar,25.1216,62.3254,68.65,27,0,5.14,PK,1737866442
210,eyl,7.9803,49.8164,74.21,69,100,18.52,SO,1737866444
211,bathsheba,13.2167,-59.5167,77.61,83,40,11.5,BB,1737866445
212,ejura,7.3856,-1.3562,76.28,83,12,5.26,GH,1737866446
213,fortuna,40.5982,-124.1573,38.35,80,0,6.91,US,1737866448
214,kiunga,-6.1219,141.2906,83.28,71,100,1.61,PG,1737866449
215,ts'khinvali,42.2276,43.9686,34.27,78,98,4.27,GE,1737866451
216,marion,39.7684,-86.1555,35.38,71,75,12.66,US,1737866452
217,puerto baquerizo moreno,-0.9,-89.6,74.57,88,6,9.08,EC,1737866453
218,san patricio,28.017,-97.5169,64.35,94,100,12.66,US,1737866454
219,sao miguel do tapuio,-5.5036,-41.3233,69.6,91,1,2.51,BR,1737866455
220,eenhana,-17.4667,16.3333,68.4,74,85,2.44,NA,1737866456
221,rio verde,21.9333,-99.9833,55.98,69,1,4.79,MX,1737866457
222,cova figueira,14.8905,-24.2934,60.4,79,4,14.76,CV,1737866459
223,tofol,5.3248,163.0078,82.18,83,100,4.61,FM,1737866460
224,hilo,19.7297,-155.09,74.93,90,100,1.01,US,1737866388
225,mkushi,-13.6202,29.3939,63.05,95,95,2.17,ZM,1737866462
226,nemuro,43.3236,145.575,32.29,80,96,20.85,JP,1737866463
227,petawawa,45.9001,-77.3328,23.79,80,98,7.38,CA,1737866464
228,al wajh,26.2455,36.4525,62.55,45,0,5.75,SA,1737866466
229,st. john's,47.5649,-52.7093,22.15,83,20,20.71,CA,1737866467
230,kerema,-7.9631,145.7785,83.07,76,100,8.48,PG,1737866468
231,barah,13.7,30.3667,58.62,30,1,8.95,SD,1737866469
232,ola,59.5833,151.2833,-5.37,86,6,1.81,RU,1737866471
233,wynyard,-41.0,145.7167,64.18,78,86,11.01,AU,1737866472
234,crane,31.3974,-102.3501,48.04,51,18,9.66,US,1737866473
235,urangan,-25.3,152.9,81.09,79,57,16.24,AU,1737866474
236,kruisfontein,-34.0033,24.7314,72.1,83,1,11.52,ZA,1737866476
237,xining,36.6167,101.7667,22.62,24,0,4.56,CN,1737866477
238,the pas,53.8251,-101.2541,19.42,79,75,10.36,CA,1737866478
239,boise,43.6135,-116.2035,25.02,62,0,5.75,US,1737866479
240,port macquarie,-31.4333,152.9167,82.08,74,100,7.0,AU,1737866480
241,guaruja,-23.9931,-46.2564,76.08,84,100,4.18,BR,1737866481
242,perry,37.2506,-83.1999,32.05,70,87,5.97,US,1737866482
243,la passe,45.5549,-0.8967,44.85,86,65,14.92,FR,1737866483
244,prince rupert,54.3161,-130.3201,40.69,81,0,13.8,CA,1737866485
245,tucuma,-0.1833,-50.05,75.83,92,100,5.64,BR,1737866486
246,usinsk,65.9939,57.5281,19.49,95,100,16.75,RU,1737866487
247,al jawf,29.5,38.75,50.4,50,100,12.59,SA,1737866488
248,fort bragg,35.139,-79.006,33.35,74,0,0.0,US,1737866489
249,effingham,32.3669,-81.3332,31.95,89,1,3.44,US,1737866491
250,altai,46.3722,96.2583,0.39,44,91,1.9,MN,1737866493
251,uige,-7.6087,15.0613,64.47,99,100,2.13,AO,1737866494
252,mcfarland,35.678,-119.2293,46.26,71,100,3.44,US,1737866495
253,east london,-33.0153,27.9116,70.74,88,0,3.44,ZA,1737866498
254,dunedin,-45.8742,170.5036,60.8,87,100,1.99,NZ,1737866499
255,iranshahr,27.2025,60.6848,50.34,27,0,4.61,IR,1737866500
256,dhidhdhoo,6.8833,73.1,81.7,77,44,10.11,MV,1737866502
257,coahuayana de hidalgo,18.7,-103.6583,72.23,92,10,3.56,MX,1737866503
258,umluj,25.0213,37.2685,68.65,41,100,11.48,SA,1737866504
259,constantia,44.1833,28.65,43.7,81,90,4.88,RO,1737866506
260,al mindak,20.1588,41.2834,51.75,81,2,2.82,SA,1737866507
261,ajuchitlan del progreso,18.1519,-100.4835,73.47,45,3,3.58,MX,1737866508
262,kalemie,-5.9475,29.1947,68.52,89,100,5.7,CD,1737866509
263,toliara,-23.35,43.6667,74.95,94,100,13.62,MG,1737866510
264,uturoa,-16.7333,-151.4333,82.74,75,6,14.07,PF,1737866511
265,viedma,-40.8135,-62.9967,63.75,59,7,13.15,AR,1737866512
266,lata,40.1629,-8.3327,54.48,76,100,7.43,PT,1737866514
267,ardestan,33.3761,52.3694,43.72,38,23,2.82,IR,1737866515
268,bydgoszcz,53.1235,18.0076,39.52,88,0,2.3,PL,1737866516
269,terenozek,45.05,64.9833,21.58,74,100,4.07,KZ,1737866517
270,formosa do rio preto,-11.0483,-45.1931,68.5,88,1,2.3,BR,1737866518
271,mount isa,-20.7333,139.5,105.57,18,40,12.66,AU,1737866519
272,winkler,49.1817,-97.941,17.82,67,68,8.05,CA,1737866521
273,outjo,-20.1167,16.15,70.27,65,87,0.2,NA,1737866522
274,taltal,-25.4,-70.4833,66.78,82,75,2.37,CL,1737866523
275,porto novo,6.4965,2.6036,82.22,90,20,3.33,BJ,1737866524
276,hawaiian paradise park,19.5933,-154.9731,74.71,95,100,2.59,US,1737866525
277,vila franca do campo,37.7167,-25.4333,64.81,88,100,22.21,PT,1737866526
278,bandar,2.05,99.75,80.13,80,100,2.1,ID,1737866528
279,filadelfia,39.9523,-75.1638,31.96,67,100,5.75,US,1737866529
280,yei,4.095,30.6779,72.43,43,12,2.53,SS,1737866530
281,ormara,25.2088,64.6357,67.77,34,0,4.52,PK,1737866531
282,worland,44.0169,-107.9554,7.25,81,0,0.0,US,1737866532
283,shalqar,47.8333,59.6,11.73,85,100,5.3,KZ,1737866533
284,sandakan,5.8402,118.1179,76.68,100,40,5.99,MY,1737866535
285,bestobe,52.4994,73.0975,6.78,73,97,6.67,KZ,1737866536
286,cidade velha,14.9167,-23.6167,68.47,77,20,14.97,CV,1737866538
287,withernsea,53.7311,0.0335,37.94,83,35,18.34,GB,1737866539
288,enewetak,11.3474,162.3373,80.51,70,5,15.46,MH,1737866540
289,trinidad,-14.8333,-64.9,71.01,96,100,1.68,BO,1737866541
290,korba,22.35,82.6833,76.01,19,1,6.22,IN,1737866542
291,wagar,16.1525,36.2032,66.83,79,0,8.66,SD,1737866543
292,machico,32.7,-16.7667,64.71,90,75,4.61,PT,1737866545
293,colonia,50.9333,6.95,44.96,93,100,4.61,DE,1737866546
294,petauke,-14.2426,31.3253,66.2,93,96,2.59,ZM,1737866547
295,peniche,39.3558,-9.3811,59.2,86,100,23.0,PT,1737866548
296,macapa,0.0389,-51.0664,78.78,94,75,3.44,BR,1737866549
297,fuzesgyarmat,47.1,21.2167,37.98,73,89,9.66,HU,1737866550
298,gamba,-2.65,10.0,76.06,90,100,5.57,GA,1737866551
299,carcassonne,43.25,2.1667,38.64,100,0,3.44,FR,1737866553
300,dongcun,36.7767,121.1597,37.98,57,100,8.52,CN,1737866554
301,kankan,10.3854,-9.3057,72.37,21,7,3.83,GN,1737866555
302,keminmaa,65.8596,24.8228,33.57,93,100,17.27,FI,1737866556
303,guerrero negro,27.9769,-114.0611,56.86,67,0,3.96,MX,1737866557
304,hithadhoo,-0.6,73.0833,82.42,76,37,10.83,MV,1737866558
305,road town,18.4167,-64.6167,78.17,70,1,23.58,VG,1737866559
306,nova sintra,14.8667,-24.7167,72.32,75,0,21.65,CV,1737866561
307,port arthur,38.8,121.2667,37.62,71,100,7.58,CN,1737866562
308,ridder,50.355,83.5133,18.79,63,11,1.16,KZ,1737866563
309,cromwell,41.5951,-72.6454,27.45,60,0,4.61,US,1737866564
310,luba,3.4568,8.5547,79.16,82,80,4.0,GQ,1737866565
311,puerto leguizamo,-0.1934,-74.7819,70.84,96,44,2.15,CO,1737866566
312,benxi,41.2886,123.765,33.3,54,100,4.54,CN,1737866567
313,eureka,40.8021,-124.1637,38.62,81,0,6.98,US,1737866507
314,vydrino,51.485,104.8461,2.39,73,20,3.33,RU,1737866570
315,madalena,41.2162,-8.3345,54.18,82,100,12.57,PT,1737866571
316,seydi,39.4816,62.9137,38.88,32,8,4.97,TM,1737866572
317,ad dawadimi,24.5077,44.3924,52.95,45,46,5.06,SA,1737866573
318,sorong,-0.8833,131.25,83.88,71,100,7.9,ID,1737866574
319,santa cruz,-17.8,-63.1667,74.66,94,20,8.05,BO,1737866575
320,tshikapa,-6.4167,20.8,68.11,95,98,0.94,CD,1737866577
321,vadso,70.0744,29.7487,32.16,80,75,12.66,NO,1737866578
322,recani,31.2846,-4.2688,53.15,33,43,3.71,MA,1737866580
323,motygino,58.1831,94.7592,6.03,91,100,7.25,RU,1737866581
324,sinazongwe,-17.2614,27.4618,75.31,77,58,2.46,ZM,1737866582
325,hacienda huancane,-15.8222,-70.8856,40.87,81,88,1.9,PE,1737866583
326,petrila,45.45,23.4167,35.69,82,35,5.12,RO,1737866584
327,launceston,-41.45,147.1667,73.04,40,20,13.8,AU,1737866585
328,farasan,16.7022,42.1183,78.15,76,10,8.5,SA,1737866587
329,tongchuanshi,35.0806,109.0897,27.43,39,0,14.61,CN,1737866588
330,khash,28.2211,61.2158,48.99,22,0,3.65,IR,1737866589
331,mejit,10.2753,170.8646,79.38,78,19,18.9,MH,1737866590
332,kargasok,59.0556,80.8572,7.29,94,100,7.02,RU,1737866591
333,san pedro pochutla,15.7333,-96.4667,76.71,57,0,3.83,MX,1737866592
334,quellon,-43.1167,-73.6167,53.15,94,25,3.36,CL,1737866593
335,tolanaro,-25.0319,46.9987,77.07,88,75,6.91,MG,1737866595
336,plouzane,48.3833,-4.6167,48.25,87,0,18.41,FR,1737866596
337,nogliki,51.8333,143.1667,10.94,91,38,4.25,RU,1737866597
338,terme,41.2092,36.9739,48.47,90,100,2.44,TR,1737866598
339,huilong,31.8111,121.655,40.93,92,100,12.19,CN,1737866599
340,minot air force base,48.4209,-101.3391,14.18,67,0,24.16,US,1737866600
341,ciudad acuna,29.3232,-100.9522,55.69,55,0,6.91,MX,1737866601
342,leua,48.2156,18.6071,40.68,80,100,15.28,SK,1737866603
343,flying fish cove,-10.4217,105.6791,85.68,79,20,6.91,CX,1737866604
344,necochea,-38.5473,-58.7368,57.72,85,1,4.54,AR,1737866605
345,kosh-agach,50.0,88.6667,-12.5,84,67,1.57,RU,1737866606
346,saint-pierre,-21.3393,55.4781,85.68,62,0,5.75,RE,1737866607
347,island harbour,50.724,-1.2758,44.98,81,19,10.0,GB,1737866608
348,remire-montjoly,4.9167,-52.2667,75.24,100,0,2.3,GF,1737866610
349,bang saphan,11.2126,99.5117,86.56,53,40,7.14,TH,1737866611
350,leksand,60.7339,15.0032,35.11,79,100,14.41,SE,1737866612
351,rongelap,11.1635,166.8941,79.72,76,45,18.81,MH,1737866613
352,newman,37.3138,-121.0208,45.03,85,97,3.6,US,1737866614
353,majene,-3.5403,118.9707,81.41,78,100,4.45,ID,1737866616
354,pacocha,-17.5833,-71.3333,70.38,87,100,2.93,PE,1737866617
355,kalmunai,7.4167,81.8167,81.01,77,71,15.99,LK,1737866618
356,malango,-2.9627,119.9001,77.81,83,100,2.46,ID,1737866619
357,lhasa,29.65,91.1,32.56,15,0,3.47,CN,1737866620
358,queenstown,-31.8976,26.8753,72.43,62,0,1.95,ZA,1737866623
359,poronaysk,49.2167,143.1167,15.4,83,21,1.97,RU,1737866624
360,cascais,38.6979,-9.4215,59.5,70,100,8.01,PT,1737866625
361,las khorey,11.1595,48.1967,73.87,61,23,4.79,SO,1737866626
362,new washington,11.6508,122.4322,80.13,86,85,10.09,PH,1737866627
363,ciudad lazaro cardenas,17.9583,-102.2,75.6,89,1,2.64,MX,1737866630
364,chauk,20.8833,94.8167,80.47,35,22,7.47,MM,1737866631
365,champerico,14.3,-91.9167,78.15,73,0,5.28,GT,1737866632
366,honmachi,32.5,130.6,51.46,38,19,7.83,JP,1737866461
367,aasiaat,68.7098,-52.8699,-7.91,99,93,8.55,GL,1737866634
368,kulhudhuffushi,6.6221,73.07,81.81,77,76,12.35,MV,1737866636
369,aljezur,37.3191,-8.8033,54.59,94,100,7.74,PT,1737866637
370,minas de marcona,-15.2119,-75.1103,63.37,79,100,5.93,PE,1737866639
371,mamuju,-2.6748,118.8885,79.88,86,100,1.07,ID,1737866640
372,kailua-kona,19.6406,-155.9956,76.55,84,1,7.36,US,1737866641
373,kapa'a,22.0752,-159.319,75.52,87,40,10.36,US,1737866642
374,dongning,44.0622,131.1207,24.6,48,31,4.25,CN,1737866644
375,vanimo,-2.6741,141.3028,84.99,71,98,7.61,PG,1737866645
376,zhengjiatun,43.5064,123.5064,25.81,45,100,3.89,CN,1737866646
377,richards bay,-28.783,32.0377,76.06,83,3,3.96,ZA,1737866649
378,isangel,-19.55,169.2667,81.79,82,100,3.8,VU,1737866650
379,bardsir,29.9227,56.5743,44.4,20,0,2.48,IR,1737866651
380,puerto quijarro,-17.7833,-57.7667,77.67,74,79,0.96,BO,1737866652
381,susuman,62.7833,148.1667,-37.17,99,81,0.43,RU,1737866653
382,rafaela,-31.2503,-61.4867,76.98,53,0,1.01,AR,1737866655
383,cruz,-2.9178,-40.1717,75.58,91,100,3.09,BR,1737866656
384,malakanagiri,18.35,81.9,84.16,24,45,4.45,IN,1737866657
385,ifanadiana,-21.3,47.6333,73.15,95,100,1.34,MG,1737866658
386,fort saskatchewan,53.7168,-113.2187,27.37,91,79,10.0,CA,1737866659
387,kaiyuan,23.6977,103.3037,46.18,61,100,7.99,CN,1737866660
388,vilyuchinsk,52.9306,158.4028,28.67,81,99,9.73,RU,1737866661
389,tazacorte,28.629,-17.9293,63.57,72,100,3.44,ES,1737866663
390,tarakan,3.3,117.6333,80.1,94,40,5.75,ID,1737866664
391,geraldton,-28.7667,114.6,82.81,61,100,19.57,AU,1737866665
392,mosjoen,65.836,13.1908,37.92,87,20,13.0,NO,1737866666
393,chibougamau,49.9168,-74.3659,10.02,85,100,10.36,CA,1737866667
394,mount gambier,-37.8333,140.7667,81.5,38,25,9.1,AU,1737866668
395,carhuamayo,-10.9167,-76.0333,37.42,88,67,3.0,PE,1737866670
396,keflavik,64.0049,-22.5624,30.63,86,75,5.75,IS,1737866671
397,auki,-8.7676,160.7034,85.84,67,83,2.8,SB,1737866672
398,lerwick,60.1545,-1.1494,38.64,99,100,19.13,GB,1737866673
399,codrington,-38.2667,141.9667,68.99,58,35,18.05,AU,1737866674
400,pasni,25.2631,63.471,66.92,28,0,9.82,PK,1737866675
401,tsiombe,-25.3,45.4833,77.25,84,100,6.33,MG,1737866677
402,selfoss,63.9331,-20.9971,33.04,67,100,12.59,IS,1737866678
403,tyukalinsk,55.8732,72.1967,3.81,81,99,6.55,RU,1737866680
404,hasaki,35.7333,140.8333,49.41,42,4,22.08,JP,1737866681
405,yulinshi,38.2906,109.7494,14.56,41,1,26.31,CN,1737866682
406,sidi akkacha,36.4647,1.3026,53.89,75,83,6.13,DZ,1737866684
407,alto araguaia,-17.3147,-53.2153,70.52,85,83,2.53,BR,1737866685
408,zalari,53.5584,102.5065,-7.1,88,100,6.4,RU,1737866686
409,ixtapa,20.7,-105.2,72.23,88,0,0.0,MX,1737866687
410,pacific grove,36.6177,-121.9166,49.42,90,100,6.91,US,1737866688
411,tanhacu,-14.0214,-41.2481,67.78,91,1,3.87,BR,1737866691
412,togur,58.3631,82.8265,8.1,93,100,7.4,RU,1737866692
413,karanja,20.4833,77.4833,79.2,36,3,6.17,IN,1737866693
414,trujillo,-8.116,-79.03,66.16,88,99,8.05,PE,1737866694
415,salinopolis,-0.6136,-47.3561,77.85,86,54,7.74,BR,1737866695
416,la sarre,48.8002,-79.1996,21.74,96,100,6.51,CA,1737866697
417,amungan,15.3652,119.9582,81.3,68,37,9.98,PH,1737866698
418,maxixe,-23.8597,35.3472,80.42,88,40,5.99,MZ,1737866699
419,arteche,12.2645,125.4048,83.73,71,86,8.25,PH,1737866700
420,labytnangi,66.6572,66.4183,-11.78,98,100,6.08,RU,1737866701
421,kingston,17.997,-76.7936,79.75,74,20,4.61,JM,1737866703
422,takoradi,4.8845,-1.7554,78.33,90,34,5.66,GH,1737866704
423,alofi,-19.0595,-169.9187,84.09,74,75,4.61,NU,1737866705
424,novovarshavka,54.1721,74.6946,0.64,79,85,6.31,RU,1737866706
425,mermoz boabab,14.7065,-17.4758,68.38,82,6,19.37,SN,1737866707
426,coquimbo,-29.9533,-71.3436,67.73,88,0,2.3,CL,1737866709
427,smolensk,55.0,33.0,37.65,91,100,11.77,RU,1737866710
428,brusque,-27.0981,-48.9175,75.78,100,88,2.33,BR,1737866711
429,ketchikan,55.3422,-131.6461,37.98,87,0,5.75,US,1737866712
430,mount pleasant,32.7941,-79.8626,37.0,91,0,0.0,US,1737866713
431,robertsport,6.7533,-11.3686,77.79,85,100,1.28,LR,1737866714
432,tavda,58.0425,65.2726,-2.78,93,50,5.73,RU,1737866716
433,dambatta,12.433,8.5154,58.26,23,1,8.77,NG,1737866717
434,vila do maio,15.1333,-23.2167,71.51,72,0,20.89,CV,1737866718
435,zarghun shahr,32.8473,68.4457,32.31,19,28,1.81,AF,1737866719
436,haiku-pauwela,20.9219,-156.3051,75.04,79,40,19.57,US,1737866720
437,berezovyy,51.6667,135.7,8.55,90,100,3.0,RU,1737866721
438,kafin hausa,12.2375,9.908,60.89,24,0,8.79,NG,1737866722
439,slave lake,55.2834,-114.769,24.78,74,100,0.0,CA,1737866724
440,thunder bay,48.4001,-89.3168,13.98,62,75,17.27,CA,1737866725
441,severo-yeniseyskiy,60.3725,93.0408,-1.82,93,100,6.55,RU,1737866726
442,rio grande,-32.035,-52.0986,69.89,74,2,10.13,BR,1737866727
443,yuzhno-kurilsk,44.0306,145.8556,33.3,79,92,4.74,RU,1737866728
444,shaffa,10.5067,12.3332,63.09,22,63,5.77,NG,1737866729
445,forres,57.6113,-3.6108,37.81,76,20,20.71,GB,1737866730
446,heyuan,23.7333,114.6833,55.8,57,100,13.56,CN,1737866732
447,kundgol,15.25,75.25,77.2,25,27,13.49,IN,1737866733
448,tinajo,29.0788,-13.7081,56.28,77,0,3.44,ES,1737866734
449,fort st. john,56.2499,-120.8529,30.09,64,40,16.11,CA,1737866735
450,port hueneme,34.1478,-119.1951,54.0,79,100,10.36,US,1737866513
451,cannonvale,-20.2833,148.7,74.59,73,99,13.51,AU,1737866737
452,balqash,46.8481,74.995,9.19,61,0,15.66,KZ,1737866738
453,ma'rib,15.4591,45.3253,64.31,24,19,2.42,YE,1737866740
454,kalodzishchy,53.944,27.7823,36.91,93,75,11.18,BY,1737866741
455,norderney,53.7,7.15,35.96,94,100,7.85,DE,1737866742
456,derbent,42.0678,48.2899,42.87,88,100,4.54,RU,1737866743
457,saudarkrokur,65.7461,-19.6394,27.84,96,100,3.67,IS,1737866744
458,khenchela,35.4358,7.1433,44.65,74,5,4.99,DZ,1737866746
459,shingu,33.7333,135.9833,51.64,35,2,6.53,JP,1737866524
460,burang,30.25,81.1667,13.37,57,0,1.9,CN,1737866749
461,arklow,52.7931,-6.1414,40.66,77,98,5.95,IE,1737866750
462,ghadamis,30.1337,9.5007,54.03,33,72,7.18,LY,1737866751
463,sisimiut,66.9395,-53.6735,4.86,91,74,9.01,GL,1737866752
464,rawai,7.7797,98.3253,81.09,73,65,12.5,TH,1737866753
465,ukholovo,53.7929,40.4892,31.71,92,100,12.82,RU,1737866754
466,ivins,37.1686,-113.6794,38.14,17,100,1.66,US,1737866756
467,xique xique,-10.8217,-42.7311,80.11,60,81,4.47,BR,1737866757
468,shengli,37.4564,118.4856,34.09,87,100,11.32,CN,1737866758
469,brokopondo,4.75,-55.1667,74.84,86,100,6.69,SR,1737866759
470,kangavar,34.5043,47.9653,34.68,84,98,1.32,IR,1737866760
471,paradip garh,20.3167,86.6167,79.27,58,35,8.34,IN,1737866761
472,mbanza-ngungu,-5.25,14.8667,65.46,99,43,3.29,CD,1737866763
473,westport,41.1415,-73.3579,31.91,64,0,16.11,US,1737866765
474,kudahuvadhoo,2.6708,72.8944,81.57,74,21,6.44,MV,1737866767
475,galle,6.0367,80.217,81.45,78,76,1.63,LK,1737866768
476,mangai,-4.05,19.5333,69.19,88,96,1.16,CD,1737866769
477,selsey,50.735,-0.7898,44.98,81,7,5.01,GB,1737866771
478,de queen,34.0379,-94.3413,49.78,66,100,4.61,US,1737866772
479,limon,10.0,-83.0333,74.08,81,31,3.53,CR,1737866773
480,zboriv,49.6648,25.141,36.14,84,100,9.26,UA,1737866774
481,horta,38.5333,-28.6333,65.01,92,100,24.0,PT,1737866775
482,khao wong,16.7001,104.0902,87.35,33,34,16.11,TH,1737866777
483,maracas,-13.4411,-40.4308,61.99,98,8,3.06,BR,1737866778
484,altamont,42.2068,-121.7372,28.98,49,0,15.01,US,1737866780
485,benjamin hill,30.1667,-111.1,54.37,30,9,8.12,MX,1737866781
486,puerto cabezas,14.0351,-83.3888,74.46,87,22,10.6,NI,1737866782
487,immokalee,26.4187,-81.4173,55.94,84,90,7.67,US,1737866784
488,kitimat,54.0524,-128.6534,34.7,94,18,2.37,CA,1737866785
489,itarare,-24.1125,-49.3317,66.74,96,100,1.14,BR,1737866786
490,zhalantun,48.0,122.7167,8.37,93,100,3.4,CN,1737866787
491,puyang chengguanzhen,35.7028,115.0053,38.8,20,23,27.42,CN,1737866788
492,mirnyy,62.5353,113.9611,-13.45,94,100,8.84,RU,1737866789
493,lycksele,64.5954,18.6735,30.07,93,75,2.3,SE,1737866790
494,ambon,-3.6954,128.1814,90.23,100,40,4.61,ID,1737866792
495,gadzhiyevo,69.2551,33.3362,21.38,94,56,7.0,RU,1737866793
496,olyokminsk,60.3736,120.4264,-2.49,85,100,9.42,RU,1737866794
497,illela,13.7292,5.2975,62.37,21,2,10.11,NG,1737866796
498,soio,-6.1349,12.3689,77.18,88,96,3.74,AO,1737866797
499,cole harbour,44.6724,-63.4751,18.88,76,24,5.75,CA,1737866798
500,alvand,36.3187,49.1678,27.48,88,33,2.17,IR,1737866799
501,palamos,41.8484,3.1291,45.97,75,67,3.02,ES,1737866801
502,villa gesell,-37.2639,-56.973,64.44,73,0,5.88,AR,1737866802
503,skeldon,5.8833,-57.1333,72.91,95,79,3.62,GY,1737866803
504,kuragino,53.8975,92.6725,8.38,91,100,6.33,RU,1737866804
505,ebon,4.582,168.6964,81.64,76,89,14.25,MH,1737866805
506,nar'yan-mar,67.6713,53.087,19.11,95,100,12.39,RU,1737866806
507,quelimane,-17.8786,36.8883,76.95,94,75,13.0,MZ,1737866807
508,saldanha,-33.0117,17.9442,68.05,93,0,12.64,ZA,1737866809
509,bopolu,7.0667,-10.4875,71.96,92,97,1.12,LR,1737866810
510,nabire,-3.3667,135.4833,87.15,62,100,5.93,ID,1737866811
511,swakopmund,-22.6833,14.5333,65.98,93,46,1.99,NA,1737866812
512,neukirch/lausitz,51.0973,14.3079,42.85,89,100,1.99,DE,1737866813
513,ratnagiri,16.9833,73.3,88.07,30,16,2.46,IN,1737866814
514,nizhnevartovsk,60.9344,76.5531,3.22,85,100,2.24,RU,1737866816
515,port isabel,26.0734,-97.2086,66.24,93,75,8.05,US,1737866817
516,floro,61.5996,5.0328,44.56,70,20,20.71,NO,1737866818
517,belawan,3.7755,98.6832,79.09,77,98,4.12,ID,1737866819
518,topchikha,52.8192,83.1185,1.94,80,100,7.74,RU,1737866820
519,bushehr,28.9684,50.8385,51.89,58,20,0.0,IR,1737866821
520,martapura,-3.4167,114.85,86.09,74,40,9.22,ID,1737866822
521,badin,24.656,68.8384,71.35,13,0,6.62,PK,1737866825
522,guacui,-20.7756,-41.6794,67.69,91,100,3.51,BR,1737866826
523,constitucion,-35.3333,-72.4167,58.55,71,0,8.03,CL,1737866828
524,fort mcmurray,56.7268,-111.381,27.99,68,100,10.36,CA,1737866829
525,fale old settlement,-9.3852,-171.2468,83.44,65,33,16.08,TK,1737866830
526,bezhetsk,57.7851,36.6965,34.05,99,100,14.5,RU,1737866831
527,flin flon,54.7682,-101.865,20.17,90,98,10.07,CA,1737866832
528,chiredzi,-21.05,31.6667,71.89,86,75,5.57,ZW,1737866834
529,xapuri,-10.6517,-68.5044,72.77,90,85,1.36,BR,1737866835
530,sabha,27.0377,14.4283,52.54,58,72,8.25,LY,1737866836
531,lubao,14.9167,120.55,87.51,55,22,8.32,PH,1737866837
532,vokhtoga,58.8147,41.0461,30.36,94,100,8.77,RU,1737866838
533,mamonovo,54.4643,19.938,41.92,85,100,5.37,RU,1737866839
534,kupang,-10.1667,123.5833,79.38,94,75,13.8,ID,1737866840
535,shchyolkino,45.4291,35.8223,40.08,87,3,9.04,UA,1737866841
536,bozoum,6.3193,16.3799,65.34,29,0,2.42,CF,1737866843
537,washington court house,39.5364,-83.4391,34.21,52,0,14.97,US,1737866844
538,bikenibeu village,1.3673,173.1241,84.16,74,40,11.5,KI,1737866845
539,el vigia,8.6219,-71.6506,73.76,81,75,3.65,VE,1737866846
540,istgah-e rah ahan-e garmsar,35.2346,52.3094,46.63,46,6,1.25,IR,1737866847
541,gandajika,-6.75,23.95,66.25,94,100,1.3,CD,1737866848
542,alesund,62.4723,6.1549,44.74,61,75,33.38,NO,1737866849
543,jabbeke,51.185,3.095,37.13,93,100,8.01,BE,1737866851
544,howard springs,-12.497,131.047,94.98,74,76,4.65,AU,1737866853
545,bengkulu,-3.8004,102.2655,80.1,74,100,4.65,ID,1737866854
546,aksu,41.1231,80.2644,16.68,67,7,1.28,CN,1737866855
547,mae hong son,19.3003,97.9685,73.54,68,0,2.3,TH,1737866856
548,wotho,10.1657,166.0102,79.92,69,23,17.85,MH,1737866857
549,mugia,43.1041,-9.2179,56.91,91,100,45.43,ES,1737866858
550,nizhniy ingash,56.2,96.53,10.78,92,100,9.31,RU,1737866859
551,vila velha,-20.3297,-40.2925,76.95,88,0,5.99,BR,1737866860
552,lensk,60.7253,114.9278,-3.98,92,100,10.71,RU,1737866862
553,meadow lakes,61.6247,-149.6011,40.62,90,100,12.66,US,1737866863
554,gaiman,-43.2897,-65.4929,64.6,41,7,20.71,AR,1737866864
555,severodvinsk,64.5635,39.8302,33.37,95,100,8.41,RU,1737866865
556,umm kaddadah,13.6017,26.6876,56.07,33,1,12.21,SD,1737866866
557,siwa oasis,29.2041,25.5195,54.5,42,4,4.32,EG,1737866867
558,port saint john's,-31.6229,29.5448,75.78,83,1,4.43,ZA,1737866868
559,charters towers,-20.1,146.2667,90.61,47,82,17.56,AU,1737866869
560,alo,6.5486,4.2686,76.03,89,47,1.86,NG,1737866871
561,thohoyandou,-22.9456,30.485,69.08,82,46,8.59,ZA,1737866872
562,inarajan village,13.2736,144.7484,86.99,80,75,6.62,GU,1737866873
563,dongola,19.1667,30.4833,58.66,31,0,9.28,SD,1737866874
564,preobrazheniye,42.9019,133.9064,33.08,32,0,3.65,RU,1737866875
565,yangshuo,24.7808,110.4897,57.24,37,77,7.47,CN,1737866876
566,freetown,8.484,-13.2299,75.99,76,72,1.5,SL,1737866877
567,yoro,15.1333,-87.1333,65.91,98,98,4.21,HN,1737866878
568,orcopampa,-15.2661,-72.3417,43.12,97,100,3.94,PE,1737866880
569,masterton,-40.9597,175.6575,65.82,90,99,4.23,NZ,1737866881
570,trondheim,63.4305,10.3951,42.85,74,100,10.0,NO,1737866882
571,hami,42.8,93.45,18.27,32,0,4.79,CN,1737866883
572,gargalianoi,37.0667,21.6333,51.84,86,88,7.81,GR,1737866884
573,lashio,22.9333,97.75,76.5,27,1,2.21,MM,1737866885
574,abong mbang,3.9833,13.1833,63.99,64,8,1.88,CM,1737866886
575,mitu,1.1983,-70.1733,69.64,97,82,1.83,CO,1737866887
576,gabu,12.2833,-14.2167,69.57,43,90,0.89,GW,1737866889
577,bartica,6.4,-58.6167,71.76,98,85,0.78,GY,1737866890
578,isla del bosque,22.7333,-105.85,68.63,61,0,4.81,MX,1737866891
579,i-n-salah,27.1935,2.4607,59.09,24,95,11.83,DZ,1737866892
580,happy valley-goose bay,53.3168,-60.3315,8.91,61,20,9.22,CA,1737866893
581,touros,-5.1989,-35.4608,78.49,79,100,7.18,BR,1737866894
582,berdigestyakh,62.0989,126.6992,-9.31,93,100,5.17,RU,1737866895
583,stewartville,43.8555,-92.4885,13.89,77,0,14.97,US,1737866896
584,murghob,38.1702,73.9667,-19.75,54,7,1.63,TJ,1737866898
585,seaside,36.6111,-121.8516,48.9,90,100,6.91,US,1737866886
586,derzhavinsk,51.1,66.3167,10.78,77,100,5.99,KZ,1737866900
587,nouadhibou,20.931,-17.0347,62.58,82,0,23.02,MR,1737866901
588,san borja,-14.8167,-66.85,71.22,97,100,2.37,BO,1737866902
589,acapulco de juarez,16.8634,-99.8901,78.62,83,0,3.44,MX,1737866880
590,namangan,40.9983,71.6726,36.05,60,97,2.3,UZ,1737866906
591,tarija,-21.5355,-64.7296,64.31,83,100,3.38,BO,1737866908
592,atar,20.5169,-13.0499,61.65,20,0,9.93,MR,1737866909
593,luanda,-8.8368,13.2343,78.8,83,75,2.3,AO,1737866910
594,vazante,-17.9869,-46.9078,70.02,89,100,3.09,BR,1737866911
595,papao,-17.75,-149.55,85.68,76,7,16.96,PF,1737866912
596,oroqen zizhiqi,50.5667,123.7167,9.46,85,100,5.64,CN,1737866914
597,benguela,-12.5763,13.4055,77.09,79,98,1.19,AO,1737866915
598,yendi,9.4427,-0.0099,78.67,31,46,1.77,GH,1737866916
599,kerikeri,-35.2268,173.9474,75.9,79,84,8.01,NZ,1737866918
